National Parks,Latitude ,Longitude ,State,Country
Acadia,44.3386° N,68.2733° W,Maine,USA
Arches ,38.7331° N ,109.5925° W,Utah,USA
Shenandoah,38.2928° N,78.6796° W,Virginia,USA
Mount Rainer ,46.8800° N,121.7269° W,Washington,USA
Bryce Canyon ,37.5930° N ,112.1871° W,Utah,USA
Yosemite ,37.8651° N,119.5383° W,California,USA
Denali,63.1148° N,151.1926° W,Alaska,USA
Grand Canyon ,36.1070° N,112.1130° W,Arizona,USA
Yellow Stone,44.4280° N,110.5885° W,Wyoming,USA
Rocky Mountain ,40.3428° N,105.6836° W,Colorado,USA
Lassen Volcanic ,40.4977° N,121.4207° W,California,USA
Zion ,37.2982° N, 113.0263° W,Utah,USA
Cuyahoga,41.2808° N,81.5678° W,Ohio,USA
Guadalupe,31.9452° N,104.8725° W,Texas,USA